SNP ID	Chr.	Position	Gene	Allele*	EAF*	β*	No BCR (n)	BCR (n)	HR ⁎⁎ (95% CI)	P value
rs11125529	2	54475866	ACYP2	A/C	0.14	0.07	84\19\1	793\255\24	0.81(0.50–1.30)	0.385
rs6772228	3	58376019	PXK	T/A	0.94	0.04	0\7\98	4\120\951	1.70(0.79–3.67)	0.177
rs10936599	3	169492101	TERC	C/T	0.75	0.1	10\37\58	56\419\600	0.79(0.57–1.10)	0.163
rs7675998	4	164007820	NAF1	G/A	0.77	0.05	7\36\59	46\369\618	0.86(0.61–1.20)	0.372
rs2736100	5	1286516	TERT	C/A	0.51	0.09	34\50\21	254\569\251	0.86(0.63–1.18)	0.348
rs9420907	10	105676465	OBFC1	C/A	0.13	0.14	80\22\3	808\249\18	0.82(0.53–1.28)	0.384
rs3027234	17	8136092	CTC1	C/T	0.78	0.1	2\40\60	49\372\631	0.85(0.59–1.22)	0.377
rs8105767	19	22215441	ZNF208	G/A	0.29	0.06	13\39\44	81\414\531	0.58(0.42–0.80)	0.001
rs6028466	20	38129002	DHX35	A/G	0.06	0.06	93\12\0	947\125\3	0.93(0.47–1.83)	0.824
rs755017	20	62421622	ZBTB46	G/A	0.12	0.02	87\16\2	832\221\22	0.76(0.45–1.26)	0.279
